INSERT INTO public.weather (id, cloud_base_high, cloud_base_low, cloud_cover_high, cloud_cover_low, dew_point_high, dew_point_low, humidity_high, humidity_low, rain_intensity_high, rain_intensity_low, snow_intensity_high, snow_intensity_low, temperature_high, temperature_low) VALUES (1, 0, 0, 0, 0, 0, 0, 0, 0, 0, 0, 0, 0, 0, -4);
INSERT INTO public.weather (id, cloud_base_high, cloud_base_low, cloud_cover_high, cloud_cover_low, dew_point_high, dew_point_low, humidity_high, humidity_low, rain_intensity_high, rain_intensity_low, snow_intensity_high, snow_intensity_low, temperature_high, temperature_low) VALUES (2, 0, 0, 0, 0, 0, 0, 0, 0, 0, 0, 0, 0, 4, 0);
INSERT INTO public.weather (id, cloud_base_high, cloud_base_low, cloud_cover_high, cloud_cover_low, dew_point_high, dew_point_low, humidity_high, humidity_low, rain_intensity_high, rain_intensity_low, snow_intensity_high, snow_intensity_low, temperature_high, temperature_low) VALUES (3, 0, 0, 0, 0, 0, 0, 0, 0, 0, 0, 0, 0, 6, 4);
INSERT INTO public.weather (id, cloud_base_high, cloud_base_low, cloud_cover_high, cloud_cover_low, dew_point_high, dew_point_low, humidity_high, humidity_low, rain_intensity_high, rain_intensity_low, snow_intensity_high, snow_intensity_low, temperature_high, temperature_low) VALUES (4, 0, 0, 0, 0, 0, 0, 0, 0, 0, 0, 0, 0, 10, 6);
INSERT INTO public.weather (id, cloud_base_high, cloud_base_low, cloud_cover_high, cloud_cover_low, dew_point_high, dew_point_low, humidity_high, humidity_low, rain_intensity_high, rain_intensity_low, snow_intensity_high, snow_intensity_low, temperature_high, temperature_low) VALUES (5, 0, 0, 0, 0, 0, 0, 0, 0, 0, 0, 0, 0, 16, 10);
INSERT INTO public.weather (id, cloud_base_high, cloud_base_low, cloud_cover_high, cloud_cover_low, dew_point_high, dew_point_low, humidity_high, humidity_low, rain_intensity_high, rain_intensity_low, snow_intensity_high, snow_intensity_low, temperature_high, temperature_low) VALUES (6, 0, 0, 0, 0, 0, 0, 0, 0, 0, 0, 0, 0, 24, 16);
INSERT INTO public.weather (id, cloud_base_high, cloud_base_low, cloud_cover_high, cloud_cover_low, dew_point_high, dew_point_low, humidity_high, humidity_low, rain_intensity_high, rain_intensity_low, snow_intensity_high, snow_intensity_low, temperature_high, temperature_low) VALUES (7, 0, 0, 0, 0, 0, 0, 0, 0, 0, 0, 0, 0, 24, 22);
INSERT INTO public.dish_type (id,dish_type_label) VALUES (1,'alcohol cocktail');
INSERT INTO public.dish_type (id,dish_type_label) VALUES (2,'biscuits and cookies');
INSERT INTO public.dish_type (id,dish_type_label) VALUES (3,'bread');
INSERT INTO public.dish_type (id,dish_type_label) VALUES (4,'cereals');
INSERT INTO public.dish_type (id,dish_type_label) VALUES (5,'condiments and sauces');
INSERT INTO public.dish_type (id,dish_type_label) VALUES (6,'desserts');
INSERT INTO public.dish_type (id,dish_type_label) VALUES (7,'drinks');
INSERT INTO public.dish_type (id,dish_type_label) VALUES (8,'egg');
INSERT INTO public.dish_type (id,dish_type_label) VALUES (9,'ice cream and custard');
INSERT INTO public.dish_type (id,dish_type_label) VALUES (10,'main course');
INSERT INTO public.dish_type (id,dish_type_label) VALUES (11,'pancake');
INSERT INTO public.dish_type (id,dish_type_label) VALUES (12,'pasta');
INSERT INTO public.dish_type (id,dish_type_label) VALUES (13,'pastry');
INSERT INTO public.dish_type (id,dish_type_label) VALUES (14,'pies and tarts');
INSERT INTO public.dish_type (id,dish_type_label) VALUES (15,'pizza');
INSERT INTO public.dish_type (id,dish_type_label) VALUES (16,'preps');
INSERT INTO public.dish_type (id,dish_type_label) VALUES (17,'preserve');
INSERT INTO public.dish_type (id,dish_type_label) VALUES (18,'salad');
INSERT INTO public.dish_type (id,dish_type_label) VALUES (19,'sandwiches');
INSERT INTO public.dish_type (id,dish_type_label) VALUES (20,'seafood');
INSERT INTO public.dish_type (id,dish_type_label) VALUES (21,'side dish');
INSERT INTO public.dish_type (id,dish_type_label) VALUES (22,'soup');
INSERT INTO public.dish_type (id,dish_type_label) VALUES (23,'special occasions');
INSERT INTO public.dish_type (id,dish_type_label) VALUES (24,'starter');
INSERT INTO public.dish_type (id,dish_type_label) VALUES (25,'sweets');
INSERT INTO public.cuisine_type(id, cuisine_type_label)VALUES (1, 'american');
INSERT INTO public.cuisine_type(id, cuisine_type_label)VALUES (2, 'asian');
INSERT INTO public.cuisine_type(id, cuisine_type_label)VALUES (3, 'british');
INSERT INTO public.cuisine_type(id, cuisine_type_label)VALUES (4, 'caribbean');
INSERT INTO public.cuisine_type(id, cuisine_type_label)VALUES (5, 'central europe');
INSERT INTO public.cuisine_type(id, cuisine_type_label)VALUES (6, 'chinese');
INSERT INTO public.cuisine_type(id, cuisine_type_label)VALUES (7, 'eastern europe');
INSERT INTO public.cuisine_type(id, cuisine_type_label)VALUES (8, 'french');
INSERT INTO public.cuisine_type(id, cuisine_type_label)VALUES (9, 'greek');
INSERT INTO public.cuisine_type(id, cuisine_type_label)VALUES (10, 'indian');
INSERT INTO public.cuisine_type(id, cuisine_type_label)VALUES (11, 'italian');
INSERT INTO public.cuisine_type(id, cuisine_type_label)VALUES (12, 'japanese');
INSERT INTO public.cuisine_type(id, cuisine_type_label)VALUES (13, 'korean');
INSERT INTO public.cuisine_type(id, cuisine_type_label)VALUES (14, 'kosher');
INSERT INTO public.cuisine_type(id, cuisine_type_label)VALUES (15, 'mediterranean');
INSERT INTO public.cuisine_type(id, cuisine_type_label)VALUES (16, 'mexican');
INSERT INTO public.cuisine_type(id, cuisine_type_label)VALUES (17, 'middle eastern');
INSERT INTO public.cuisine_type(id, cuisine_type_label)VALUES (18, 'nordic');
INSERT INTO public.cuisine_type(id, cuisine_type_label)VALUES (19, 'south american');
INSERT INTO public.cuisine_type(id, cuisine_type_label)VALUES (20, 'south east asian');
INSERT INTO public.cuisine_type(id, cuisine_type_label)VALUES (21, 'world');
INSERT INTO public.food_for_weather(food_weather_id, cuisine_type, diet_type, dish_type, health_type, meal_type, weather_id) VALUES (4,8,NULL,4,NULL,NULL,2);
INSERT INTO public.food_for_weather(food_weather_id, cuisine_type, diet_type, dish_type, health_type, meal_type, weather_id) VALUES (5,3,NULL,6,NULL,NULL,2);
INSERT INTO public.food_for_weather(food_weather_id, cuisine_type, diet_type, dish_type, health_type, meal_type, weather_id) VALUES (6,10,NULL,7,NULL,NULL,2);
INSERT INTO public.food_for_weather(food_weather_id, cuisine_type, diet_type, dish_type, health_type, meal_type, weather_id) VALUES (7,1,NULL,8,NULL,NULL,3);
INSERT INTO public.food_for_weather(food_weather_id, cuisine_type, diet_type, dish_type, health_type, meal_type, weather_id) VALUES (8,8,NULL,9,NULL,NULL,3);
INSERT INTO public.food_for_weather(food_weather_id, cuisine_type, diet_type, dish_type, health_type, meal_type, weather_id) VALUES (9,8,NULL,10,NULL,NULL,3);
INSERT INTO public.food_for_weather(food_weather_id, cuisine_type, diet_type, dish_type, health_type, meal_type, weather_id) VALUES (10,3,NULL,11,NULL,NULL,4);
INSERT INTO public.food_for_weather(food_weather_id, cuisine_type, diet_type, dish_type, health_type, meal_type, weather_id) VALUES (11,1,NULL,13,NULL,NULL,4);
INSERT INTO public.food_for_weather(food_weather_id, cuisine_type, diet_type, dish_type, health_type, meal_type, weather_id) VALUES (12,1,NULL,4,NULL,NULL,4);
INSERT INTO public.food_for_weather(food_weather_id, cuisine_type, diet_type, dish_type, health_type, meal_type, weather_id) VALUES (13,1,NULL,6,NULL,NULL,5);
INSERT INTO public.food_for_weather(food_weather_id, cuisine_type, diet_type, dish_type, health_type, meal_type, weather_id) VALUES (14,3,NULL,7,NULL,NULL,5);
INSERT INTO public.food_for_weather(food_weather_id, cuisine_type, diet_type, dish_type, health_type, meal_type, weather_id) VALUES (15,8,NULL,8,NULL,NULL,5);
INSERT INTO public.food_for_weather(food_weather_id, cuisine_type, diet_type, dish_type, health_type, meal_type, weather_id) VALUES (16,3,NULL,9,NULL,NULL,6);
INSERT INTO public.food_for_weather(food_weather_id, cuisine_type, diet_type, dish_type, health_type, meal_type, weather_id) VALUES (17,3,NULL,10,NULL,NULL,6);
INSERT INTO public.food_for_weather(food_weather_id, cuisine_type, diet_type, dish_type, health_type, meal_type, weather_id) VALUES (18,1,NULL,11,NULL,NULL,6);
INSERT INTO public.food_for_weather(food_weather_id, cuisine_type, diet_type, dish_type, health_type, meal_type, weather_id) VALUES (19,3,NULL,13,NULL,NULL,7);
INSERT INTO public.food_for_weather(food_weather_id, cuisine_type, diet_type, dish_type, health_type, meal_type, weather_id) VALUES (20,11,NULL,3,NULL,NULL,7);
INSERT INTO public.food_for_weather(food_weather_id, cuisine_type, diet_type, dish_type, health_type, meal_type, weather_id) VALUES (21,1,NULL,6,NULL,NULL,7);
INSERT INTO public.food_for_weather(food_weather_id, cuisine_type, diet_type, dish_type, health_type, meal_type, weather_id) VALUES (22,1,NULL,7,NULL,NULL,1);
INSERT INTO public.food_for_weather(food_weather_id, cuisine_type, diet_type, dish_type, health_type, meal_type, weather_id) VALUES (23,8,NULL,8,NULL,NULL,2);
INSERT INTO public.food_for_weather(food_weather_id, cuisine_type, diet_type, dish_type, health_type, meal_type, weather_id) VALUES (24,1,NULL,9,NULL,NULL,3);
INSERT INTO public.food_for_weather(food_weather_id, cuisine_type, diet_type, dish_type, health_type, meal_type, weather_id) VALUES (25,1,NULL,10,NULL,NULL,4);
INSERT INTO public.food_for_weather(food_weather_id, cuisine_type, diet_type, dish_type, health_type, meal_type, weather_id) VALUES (26,8,NULL,11,NULL,NULL,5);
INSERT INTO public.food_for_weather(food_weather_id, cuisine_type, diet_type, dish_type, health_type, meal_type, weather_id) VALUES (27,10,NULL,13,NULL,NULL,6);
INSERT INTO public.food_for_weather(food_weather_id, cuisine_type, diet_type, dish_type, health_type, meal_type, weather_id) VALUES (28,1,NULL,1,NULL,NULL,7);
INSERT INTO public.food_for_weather(food_weather_id, cuisine_type, diet_type, dish_type, health_type, meal_type, weather_id) VALUES (29,3,NULL,2,NULL,NULL,1);
INSERT INTO public.food_for_weather(food_weather_id, cuisine_type, diet_type, dish_type, health_type, meal_type, weather_id) VALUES (30,11,NULL,3,NULL,NULL,2);
INSERT INTO public.food_for_weather(food_weather_id, cuisine_type, diet_type, dish_type, health_type, meal_type, weather_id) VALUES (31,3,NULL,4,NULL,NULL,3);

